iter	Logloss
0	0.6700040373
100	0.4109901814
200	0.3640450988
300	0.3316266703
400	0.3125632235
500	0.2990308477
600	0.2888507692
700	0.2789826608
800	0.2714173201
900	0.2648783526
999	0.2584904882
